{
  "nodes": 20,
  "edges": 190,
  "trace_rows": 25600,
  "used_synthetic_fallback": true,
  "top_global_content_probability": 0.17143528163433075,
  "runtime_seconds": 233.0805778503418,
  "training_stats": {
    "offline_dqn_trained": true,
    "dqn_candidate_rate_count": 4.0,
    "online_dqn_runs": 6.0,
    "training_loss": 0.024049077183008194,
    "nominal_objective": 3.3500328887050816,
    "dqn_training_rate": 0.15,
    "online_dqn_0.00_objective": 2.2090639016494005,
    "online_dqn_0.00_loss": 0.00022559668286703527,
    "online_dqn_0.00_relocation_entries": 3.0,
    "online_dqn_0.05_objective": 2.5286239439433245,
    "online_dqn_0.05_loss": 0.004311575088649988,
    "online_dqn_0.05_relocation_entries": 6.0,
    "online_dqn_0.10_objective": 3.0366704795239854,
    "online_dqn_0.10_loss": 0.007654685527086258,
    "online_dqn_0.10_relocation_entries": 9.0,
    "online_dqn_0.15_objective": 2.791051634371661,
    "online_dqn_0.15_loss": 0.00555981881916523,
    "online_dqn_0.15_relocation_entries": 14.0,
    "online_dqn_0.20_objective": 4.131081077394162,
    "online_dqn_0.20_loss": 0.08542120456695557,
    "online_dqn_0.20_relocation_entries": 22.0,
    "online_dqn_0.25_objective": 4.033914635863721,
    "online_dqn_0.25_loss": 0.012400392442941666,
    "online_dqn_0.25_relocation_entries": 19.0
  },
  "dqn_screening": {
    "0.00": {
      "best_base_policy": "topology_greedy",
      "base_score_gap": 0.09694675085514559,
      "best_base_objective_std": 0.0,
      "dqn_considered": true
    },
    "0.05": {
      "best_base_policy": "diversified_popularity",
      "base_score_gap": 0.6160707138354047,
      "best_base_objective_std": 0.14924520919966855,
      "dqn_considered": false
    },
    "0.10": {
      "best_base_policy": "diversified_popularity",
      "base_score_gap": 0.6713723979835837,
      "best_base_objective_std": 0.02280430866732347,
      "dqn_considered": false
    },
    "0.15": {
      "best_base_policy": "diversified_popularity",
      "base_score_gap": 0.8708489863848774,
      "best_base_objective_std": 1.7371943994338641,
      "dqn_considered": true
    },
    "0.20": {
      "best_base_policy": "topology_greedy",
      "base_score_gap": 0.4191296647976639,
      "best_base_objective_std": 1.9690061056587873,
      "dqn_considered": true
    },
    "0.25": {
      "best_base_policy": "topology_greedy",
      "base_score_gap": 0.7871648357875785,
      "best_base_objective_std": 2.950316761125253,
      "dqn_considered": true
    }
  },
  "online_relocation_reference": "Online DQN is evaluated against the previously deployed online placement; the online horizon is bootstrapped from topology-aware greedy.",
  "config": {
    "trace_path": "data/raw/dartmouth_movement.csv",
    "output_dir": "results/final",
    "seed": 11,
    "max_nodes": 20,
    "catalog_size": 48,
    "cache_capacity": 5,
    "zipf_alpha": 0.85,
    "locality_strength": 2.8,
    "greedy_samples": 2,
    "eval_samples": 12,
    "perturbation_rates": [
      0.0,
      0.05,
      0.1,
      0.15,
      0.2,
      0.25
    ],
    "dqn_episodes": 85,
    "dqn_steps": 16,
    "screening_variance_weight": 0.25,
    "screening_replication_weight": 20.0,
    "screening_compute_weight": 0.03,
    "dqn_trigger_margin": 0.35,
    "dqn_trigger_std": 1.25,
    "dqn_instability_credit": 2.0
  }
}